seed,truth,threshold,truth_probability,market,closing,outcome,trades,best single agent,simple mean,precision weighted,extremized,agent_0,agent_1,agent_2,agent_3,agent_4,agent_5,agent_6,agent_7
411493673,0.5787166387421108,0.5965,0.05097937794341729,0.04,0.04,0.0,1586,0.0704149381636836,0.11317480327252154,0.1127535562134436,0.0789528065940406,0.08641962312010765,0.10874779239747978,0.11613281909320072,0.23075821176831401,0.0704149381636836,0.02074135646991404,0.16336522735570203,0.10881845781177046
844262114,0.6269080609039885,0.644,0.0540447649591177,0.09,0.08,0.0,1943,0.020544088071987043,0.1850956198959054,0.09334422796624874,0.04517379009981599,0.4027605916633662,0.0042063019482431185,0.30852342036568037,0.008262272388320002,0.592287539277968,0.004383616984955152,0.1397971284667232,0.020544088071987043
1210506803,0.41911345887442375,0.436,0.0603821400539793,0.3,0.3,0.0,1749,0.08925534387513012,0.2985664751569891,0.19731000534755214,0.2462877703360663,0.13562976490178913,0.4217223415535263,0.7078447411843775,0.2005380122509023,0.4749780592231192,0.08925534387513012,0.19009057057965506,0.16847296768741316
783762966,0.3844307024765274,0.401,0.0613082779488917,0.54,0.52,0.0,1737,0.07159403807744047,0.4206281338682144,0.17687946323160875,0.37431522700531583,0.3900995912655376,0.7080219975163147,0.8678377798471492,0.47904099092059826,0.32360060976917704,0.44583706372670506,0.07159403807744047,0.07899299982279318
1967335675,0.6377896720155883,0.6535,0.06841225326756518,0.21,0.26,0.0,1831,0.08325280354238562,0.24406556217001074,0.20898676541554367,0.19665958355060859,0.08325280354238562,0.20492380872500437,0.3099047563489623,0.37178753381448293,0.5185700090116869,0.09789369758961541,0.1583538010477632,0.20783808728018527
588815471,0.44230224033169663,0.4585,0.06942718375844925,0.25,0.24,0.0,1655,0.17286588300739325,0.4108259278660107,0.2562928045535601,0.3950698381939852,0.4867166141926257,0.3789042079462138,0.4717343952860634,0.8186187330235138,0.39725815271417575,0.36217919295433165,0.17286588300739325,0.19833024380376807
1789455513,0.6264408872071736,0.6415,0.0781938764866774,0.07,0.08,0.0,1797,0.06253225053658762,0.17518639337115688,0.19568551079262356,0.11155275756444408,0.5170441281563146,0.04775824523687311,0.036393009175860636,0.06253225053658762,0.17981493848713315,0.09447365260811857,0.25291362840849496,0.21056129435987236
120825250,0.6348100701626656,0.6495,0.08231504275024631,0.17,0.18,0.0,1675,0.05772147567133801,0.2774294098366723,0.23715387960886783,0.2297661341043448,0.20337997590700319,0.358910636235811,0.2553776951911706,0.2521254261424676,0.6459014760714207,0.05772147567133801,0.2043389392775532,0.24167965419661452
209009451,0.6223483523440079,0.637,0.08435252990576533,0.09,0.1,0.0,1861,0.08166598416535864,0.19674417414401604,0.21137847446137642,0.07223797619270482,0.057386173726182044,0.5400641848288645,0.08166598416535864,0.0013753864768073498,0.07663572922179573,0.12859465488055288,0.6458878556435594,0.04234342420900772
774458199,0.4625896143197385,0.4775,0.08701433796761239,0.14,0.12,0.0,1867,0.10686396340058368,0.15505912509886552,0.1512061008262001,0.08202012507438326,0.20605102963602262,0.3648760913318214,0.048427047183306815,0.13755997865221392,0.01280740390603341,0.023713654305503207,0.3401738323754391,0.10686396340058368
970966960,0.49309171495302406,0.5075,0.10267671411701561,0.26,0.24,0.0,1983,0.10352536096193232,0.26135440748822275,0.18102768199875932,0.19576258513666908,0.09631348386655425,0.06592494214580036,0.6308344979245388,0.509403067206356,0.22655061163929768,0.3172740925476235,0.10352536096193232,0.14100920361367897
1093728911,0.6001810703414698,0.614,0.09931866362485718,0.34,0.3,0.0,1671,0.03927305826466554,0.2951367685031938,0.33874361611580395,0.24011380597197507,0.32119648330028194,0.3033356953771704,0.229071068116115,0.03927305826466554,0.29692903788931935,0.6036309052770052,0.1912272845962667,0.3764306152047264
1733858075,0.5143943179774595,0.5285,0.09944538694043473,0.3,0.3,0.0,1858,0.08817158530674296,0.32276762927351044,0.2712253941335825,0.24427255070980672,0.500654098118335,0.30380426972912233,0.03218965173431121,0.6149115749465928,0.08817158530674296,0.5233431908815103,0.3491693391394999,0.1698973243319689
1725657098,0.43496390980523675,0.4485,0.10691039868893641,0.17,0.16,0.0,1669,0.091231615516423,0.23058387437195793,0.17556173464110642,0.1807798578918054,0.0608624048315185,0.38998872908982407,0.2743368025862549,0.29901103240464044,0.18428190465970684,0.4036839140505428,0.091231615516423,0.14127459183675284
58103221,0.4488898332526531,0.462,0.11488594262741747,0.4,0.4,1.0,1992,0.1580015195358384,0.3824963484158124,0.22179413321098898,0.3499122044063561,0.5581261910863735,0.633754109734686,0.6429970011481818,0.3999615177089558,0.1580015195358384,0.27610936790073715,0.207240458785935,0.18378062142579166
2083457477,0.401967000356394,0.415,0.11296365229591611,0.32,0.3,0.0,1826,0.14965703278150855,0.40303286870771116,0.16907286681824268,0.3219506939128511,0.6731095640758136,0.7299378333498817,0.46768259276143387,0.5434741884006071,0.4747780119031004,0.16129506721195108,0.02432865917739302,0.14965703278150855
331968798,0.4704389211859463,0.4835,0.11653255238330558,0.25,0.28,0.0,1858,0.11293557422244871,0.35240956859374517,0.2489286095888355,0.30372237431874544,0.32869029987589615,0.6668541142656214,0.1536159604396511,0.11293557422244871,0.8001394503579499,0.4434349728504159,0.12465913583954202,0.18894704089843606
2129750785,0.6353917354177747,0.6475,0.12528829953960716,0.18,0.2,0.0,1948,0.17022950563076888,0.25858662225442797,0.1747680180331006,0.17086809461266453,0.03925805801894833,0.30691898466373446,0.059463234961452005,0.6150971571444626,0.41948895956387766,0.4056908011331206,0.17022950563076888,0.052546276919059554
2062389656,0.5885961276957365,0.601,0.12497990602129144,0.46,0.48,1.0,1868,0.13593816509407697,0.4779581392464601,0.35025883915506395,0.49881677816666736,0.16767569660412884,0.8094659388782353,0.9531631822671205,0.6355634189754598,0.13593816509407697,0.41197821353248,0.44606410978484456,0.26381638883533454
113416344,0.4939346199947243,0.506,0.13531941008223608,0.26,0.26,0.0,2084,0.11152920504973285,0.3290075544532466,0.12508282137775054,0.2550229407600868,0.5533001459183615,0.6254892025400147,0.48498336288328703,0.48608504389968,0.11152920504973285,0.2256834218462992,0.06967214983149617,0.07531790365710112
1244840568,0.6035883742727324,0.6155,0.13300829604492626,0.35,0.3,1.0,1828,0.1789186602832048,0.33768015425970044,0.35433868388138895,0.22259359914691432,0.6853281942468854,0.4291959569303432,0.1789186602832048,0.02248255681606992,0.024024896920721517,0.6030390374716682,0.44750308692197405,0.31094884448673654
1136879326,0.3990730196101643,0.4105,0.1431730536849924,0.41,0.4,0.0,1820,0.07863153883238783,0.35065668575369957,0.13061072604651,0.24013455678623874,0.776957658365279,0.7607731909711023,0.5174066804032582,0.34537594680380335,0.02516288100363484,0.07863153883238783,0.25440034352502594,0.04654524612510502
1052702326,0.4492414610739562,0.4605,0.15041599658605473,0.45,0.48,0.0,1876,0.12971127151099415,0.4509883788027155,0.30170317406088537,0.46198757621410164,0.6582384105150596,0.949164800744887,0.7056550156213938,0.19424727284728927,0.12971127151099415,0.35094354785435755,0.362400370209909,0.2575463411178335
1104440513,0.5294788312255816,0.541,0.14577334248614182,0.5,0.52,0.0,1787,0.12969502737797078,0.46091215839900485,0.2611430160629673,0.4399563403248341,0.6945619431518921,0.6210957920564482,0.12969502737797078,0.8971441905666895,0.3992591600364316,0.556689816288668,0.2969284806505137,0.09192285706342485
1900479487,0.43975559032730815,0.451,0.15020019379159413,0.4,0.48,0.0,1660,0.07350304827605814,0.38870338160646084,0.26276862821448727,0.35066801043581863,0.26617919291295533,0.7746869079398956,0.3445203368982197,0.5560217744552863,0.5338941339277099,0.27513811067506244,0.07350304827605814,0.2856835477664993
906550765,0.4249975268660083,0.436,0.1543550085490382,0.24,0.22,0.0,1809,0.13517593301868136,0.29968885760369945,0.20840839518297952,0.22351731948852488,0.44492503239041203,0.4217223415535263,0.2545654567604785,0.07873017940333182,0.13517593301868136,0.7391229655490332,0.28619712009111853,0.03707183206301412
408497628,0.5320180005489908,0.5425,0.16806629715115276,0.16,0.18,0.0,1673,0.1212056787581236,0.19812165533441412,0.15702705058871777,0.131038582112339,0.24137659857020455,0.01913657940401159,0.1212056787581236,0.278693661518441,0.372838371723326,0.37415257708346983,0.06852575510651315,0.1090440205112232
710149576,0.37225431814130855,0.3825,0.1657483078540803,0.35,0.36,0.0,1837,0.17492928487147652,0.41474976332530405,0.34171609247111484,0.38333236561037914,0.5124427331047593,0.653776055861303,0.5582061588939489,0.2627774392444787,0.5847371596830634,0.1302000076688994,0.17492928487147652,0.4409292672745031
903144392,0.3863593251930548,0.3965,0.16991484372696802,0.12,0.12,0.0,1953,0.10588259160932123,0.2406542738959356,0.08746902022513797,0.14197515775506067,0.6099113528564566,0.6094134822993171,0.35132177827541455,0.04160306178061368,0.08523155985790265,0.10588259160932123,0.032329925566200624,0.08954043892225849
1776254875,0.6401858495626822,0.65,0.17424670011352983,0.38,0.38,0.0,1934,0.21640641595748267,0.3813589929642488,0.1947600254259273,0.28198097305123065,0.45898413488292333,0.7175453138100087,0.7651978265395349,0.21640641595748267,0.02004781707865122,0.5893648599080159,0.21740866928954394,0.06591690624782975
664766405,0.38075884243216684,0.3905,0.17866492765113387,0.7,0.7,0.0,2043,0.18664512732111582,0.4837597301910226,0.23903392943271676,0.4479883693370933,0.7324500837497125,0.5881751149085358,0.6793967511993939,0.7321194174868422,0.18664512732111582,0.7267029258262057,0.10132126586670287,0.12326715516967246
2057758686,0.5757480882284252,0.5855,0.1827772239940889,0.24,0.24,1.0,1812,0.22109900629282608,0.31050366293624165,0.21199138172781912,0.24210327175433385,0.7696732968872819,0.11927041472415467,0.46749939436074994,0.11660249105633225,0.33027016484387406,0.41383511102982595,0.04577942429488813,0.22109900629282608
1773376120,0.4225535320866579,0.432,0.18993545150344518,0.44,0.46,0.0,1772,0.11877802142016314,0.4197791131383608,0.2493323064092087,0.33386722793198476,0.6568994001601625,0.5275983202913481,0.49513168095999227,0.37661808774147043,0.9115481321769406,0.010466324299091223,0.11877802142016314,0.26119293805771804
595640059,0.47077465803309715,0.48,0.19792284218012612,0.47,0.46,0.0,2056,0.20079545625822115,0.41355996941246564,0.24937849193589537,0.38039531588340897,0.26650573506967457,0.753375611331527,0.7051763349884939,0.4065044280280897,0.16092391247218873,0.6828270543314363,0.20079545625822115,0.13237122282009406
662735580,0.6467529917185342,0.6555,0.20014103328286775,0.27,0.26,0.0,1686,0.23485191785174275,0.2875859866233157,0.25383355600346785,0.23963131487472494,0.24512899461321236,0.3798701923311021,0.06457003463473954,0.3437118000078383,0.23485191785174275,0.5985874611663082,0.29099875463517355,0.14296873774640884
1271767618,0.5093482273206589,0.5185,0.20016947148895925,0.41,0.44,0.0,1880,0.1770478939382435,0.4262491574397202,0.3309192394767404,0.3980717438890595,0.6563664995457299,0.25329866837451087,0.560853387323619,0.643032780745187,0.5792083175895971,0.14771128198654881,0.1770478939382435,0.39247443001432547
834999739,0.533807789725882,0.5425,0.21143334206795142,0.27,0.24,1.0,2088,0.21906271051033188,0.27111513487618605,0.1362854210077733,0.18509037062356884,0.5034440655339177,0.06299540928548142,0.5648754574893837,0.21906271051033188,0.5504815033137718,0.0482945079378484,0.1473309602142795,0.07243646472447407
1206515870,0.3758966945067054,0.3845,0.20665900989571964,0.38,0.34,0.0,1977,0.18316268955467185,0.47064738717171256,0.3787618588988168,0.4684960606003057,0.9721791953621534,0.7041795056077031,0.4815107075379733,0.18316268955467185,0.04064855229853337,0.807288061315845,0.1476540548684816,0.428556330828339
1402202726,0.547441456431091,0.556,0.2144273664922533,0.26,0.24,0.0,1821,0.21267435871952922,0.28563977286258,0.3529874131835324,0.23856352546984216,0.24571744195248035,0.23201972784914648,0.12699319479802007,0.671013425318851,0.1887159471721227,0.1036908565799387,0.21267435871952922,0.5042932305105516
1700424536,0.36834675242495457,0.3765,0.21772754107340794,0.43,0.42,0.0,1977,0.2158211881135884,0.4507894474661046,0.2400433789756999,0.3898007478877655,0.552741156165608,0.48781248739352234,0.721797545533738,0.1829923567561923,0.6427279558198168,0.7695725852903885,0.2158211881135884,0.0328503046559826
1776807496,0.44972485054446104,0.458,0.22163154001063934,0.46,0.48,0.0,1645,0.27697679185504076,0.4291682734496135,0.3394983223722184,0.4204986839534665,0.6732167684980297,0.9544403392257717,0.27697679185504076,0.4188981125050918,0.04837101036278957,0.4051452153958708,0.28368742795739355,0.3726105217969199
51348714,0.5648054421950628,0.573,0.2232367876036338,0.44,0.44,0.0,1878,0.18089978367673853,0.4028693869307114,0.42800269279714565,0.3766758047577855,0.7586255821222564,0.18089978367673853,0.5514602438037284,0.29134101642128896,0.2837588372632107,0.39781140716487773,0.15449865405898378,0.6045595709346063
778623402,0.5835775692980218,0.5915,0.22940355148874958,0.21,0.2,0.0,1722,0.27795108439624294,0.32961995543924016,0.2972745906352475,0.2924450443829541,0.10043452758485938,0.34544982796953716,0.3508748830896248,0.3944409712021393,0.27795108439624294,0.6447372761433383,0.3532528603398807,0.1698182127882989
720909039,0.5253310037208181,0.533,0.2391608138693983,0.39,0.38,0.0,1743,0.20842902277435316,0.3843807494893622,0.20869365120586805,0.36303054655116135,0.8681644948676035,0.6161397057228349,0.40389561394166174,0.20842902277435316,0.2759124716010545,0.35731161577353676,0.2061005902412315,0.13909248099262117
164847510,0.5822789637693037,0.5895,0.24927367003050752,0.19,0.22,0.0,1854,0.3101015126869856,0.2536027419249541,0.2784012333513821,0.178974473747289,0.15669513956841263,0.1837019142720514,0.12853453830375527,0.7163100257923295,0.3101015126869856,0.05581998384669207,0.04700406781017996,0.4306547531192261
227188592,0.4706418356190415,0.478,0.24765407256130842,0.52,0.5,1.0,1737,0.3609386963556178,0.5558367203990506,0.5175015242596098,0.5729665664678587,0.723430668029209,0.3609386963556178,0.8396316209813146,0.5468589879531718,0.37470698783704093,0.5013753442664244,0.6288996088526395,0.4708518489169876
1580884221,0.6465732203417839,0.6535,0.25138536929793814,0.52,0.54,0.0,1751,0.2075084387511229,0.49071007647646214,0.46598791505473247,0.49661625361382167,0.7213215431672387,0.546580305902199,0.5796139959458837,0.3001681412374272,0.3602519668849308,0.2075084387511229,0.8615140408453341,0.3487221790775604
1763076917,0.5042070071167863,0.5115,0.2643757399871408,0.4,0.42,0.0,1737,0.2861865121578445,0.3354834137358479,0.25667183262876403,0.2894178231047642,0.33694109183526366,0.58512509134467,0.2400689240809477,0.6374747882544947,0.31415130118093815,0.06707027461259096,0.2168493264200334,0.2861865121578445
956760062,0.4323992835939324,0.439,0.2679458680270771,0.34,0.34,1.0,1628,0.27162162544811286,0.44201479509987046,0.3831091733016662,0.470370306064834,0.9562757782103781,0.3970941272242333,0.27162162544811286,0.5393147049051783,0.21611655417721842,0.33850725235749024,0.4430639414924943,0.3741243769838579
287075507,0.5644478003585767,0.571,0.26996964925443523,0.14,0.12,0.0,1953,0.2303246155275317,0.1936059564218136,0.1949661782445527,0.1085258977977594,0.04979698963804802,0.010316264937680453,0.4135266530490016,0.19589744044793223,0.2303246155275317,0.39331853798531136,0.043537380115619695,0.21212976967338393
569949385,0.45433860115426083,0.461,0.26724301544466417,0.39,0.4,0.0,1677,0.26715448673849684,0.44623761705608117,0.3595442989344981,0.47986533897211897,0.37756999693338644,0.9765714173912944,0.20960119840957436,0.041325674683267644,0.9400463105525965,0.26715448673849684,0.5216087069166976,0.23602314482333553
1188691546,0.3958398256368807,0.402,0.2785244479524551,0.38,0.4,1.0,1902,0.22644224746027997,0.4390897834335468,0.23301054647335398,0.41809410536649044,0.5741317383014104,0.7006099093403352,0.7937395110130462,0.389224721160936,0.48208771371707615,0.22644224746027997,0.14568818049085652,0.2007942459844343
1782655043,0.5373654588455603,0.5435,0.28357279143272085,0.37,0.36,1.0,1697,0.2865070919834146,0.46911594737269136,0.3787672155170532,0.4801964829527638,0.496881139973644,0.6009292137582376,0.3957385047243256,0.8981528031985936,0.2865070919834146,0.2644578687578215,0.4882335596278673,0.32202739695762683
2141059862,0.38220937125530213,0.388,0.2887057485044899,0.58,0.56,1.0,1872,0.25826932935314173,0.5612665338320789,0.4934987873230092,0.5916944212546641,0.746162763919101,0.5367119603173707,0.9306945124837639,0.20154043261894428,0.6847718771044129,0.559540841469554,0.25826932935314173,0.5724405533903432
226043685,0.39632715797355,0.402,0.29369427800775916,0.64,0.64,0.0,1823,0.417543011073505,0.6464552198056208,0.6498610294905511,0.6793429416902561,0.8171351360812058,0.417543011073505,0.6609719863155237,0.7509093669372218,0.4301326837569761,0.6719123466492563,0.8646777748304653,0.5583594528008129
464897182,0.46281103318191874,0.4685,0.29699770750395205,0.29,0.28,1.0,1786,0.31632865375190733,0.3761443453074661,0.44280131179067955,0.3179027937722835,0.7731028120605636,0.5097227664784534,0.31632865375190733,0.24979437936551796,0.06740455964434777,0.2646352236085334,0.08719853125176258,0.7409678362986425
345626839,0.6488175688345493,0.6545,0.28972829548710916,0.28,0.28,0.0,1728,0.2967832709761161,0.3518887433951665,0.30577778179823023,0.3194795392242806,0.250626250281731,0.8947232971990201,0.4571543431955357,0.1252603260327947,0.3423487466184819,0.08794549936837381,0.2967832709761161,0.36026821348927907
363967981,0.5845985886024346,0.59,0.30435605100523405,0.11,0.1,0.0,1759,0.30143661909689345,0.20389141606306016,0.23061630000131705,0.129755481542913,0.04200757366600649,0.2918328696994783,0.013350787919700013,0.3787370266839857,0.14942406517742635,0.30143661909689345,0.23622211879753463,0.21812026746345636
2021628606,0.4903323624133975,0.496,0.29823748888885965,0.65,0.6,0.0,1764,0.42390181268946414,0.5400546234668184,0.2592321030982343,0.5741635045014799,0.7796834415139846,0.42390181268946414,0.43502951055959704,0.8969515620229964,0.9649388695710598,0.6247551117003893,0.1216668650853322,0.07350981459172401
1134003874,0.4838478917999394,0.489,0.3143346177177581,0.56,0.58,0.0,1869,0.3550864179605365,0.4761806639823089,0.3921289928097698,0.4879889156889899,0.6600605334643459,0.6901150532218142,0.18291223568378967,0.9222087103572361,0.20487979748402796,0.3550864179605365,0.4186958862106184,0.3754866774761022
1628098547,0.4462687449158175,0.4515,0.31075615012853774,0.41,0.4,0.0,1953,0.3000060069028351,0.4123338477201242,0.33475772301892764,0.37273200557159075,0.6251641634829004,0.3000060069028351,0.6004207836500965,0.5113138452983483,0.5757541491497062,0.08961536412012894,0.1676559252310197,0.4287405439259584
167074863,0.5735430211802215,0.5785,0.31918859812787437,0.28,0.3,0.0,1829,0.3964985527108439,0.33161435079568913,0.34374054498844553,0.21277968070447803,0.012371244381604862,0.15171491498496337,0.6975214053492889,0.19951873821618293,0.4806907721201995,0.6703175941935118,0.04428158440891772,0.3964985527108439
1554831500,0.36880369128769463,0.3735,0.322736212914532,0.66,0.66,0.0,1557,0.43847266673394725,0.605749592790704,0.6133120712768432,0.6303409325504368,0.47584463382713527,0.7809286454239914,0.827689936905004,0.6469556384885968,0.43847266673394725,0.4520231887841083,0.493336583097839,0.73074544906501
1366046710,0.4332586205531468,0.438,0.32590144099004353,0.3,0.28,0.0,1764,0.3181592744763757,0.35586408795512825,0.2716307487464578,0.31269569060519253,0.7820225775138074,0.3364790623755519,0.16232842369574185,0.4403817229862216,0.5413104822123542,0.091319673018458,0.17491148736251527,0.3181592744763757
1203967391,0.4902308998463711,0.495,0.3266764972067583,0.25,0.26,0.0,1807,0.31219260855969866,0.3967677467005466,0.19953199037410085,0.3695765399107993,0.7091124114625327,0.10466515844911062,0.9445076707389795,0.31219260855969866,0.4208762071028074,0.4659974850048143,0.11455147339059746,0.10223895889583201
859972587,0.4246676162766595,0.429,0.3388806988225735,0.63,0.62,1.0,1926,0.4083396671531908,0.530623396833493,0.48470608549335403,0.5341415655721747,0.878033179343366,0.4083396671531908,0.8089064770417369,0.10419261705837535,0.8347593306892263,0.4283216771821243,0.13962767314346436,0.6428065530564602
1639551869,0.5353170041514164,0.5395,0.3456713914754931,0.28,0.28,0.0,1715,0.3505140917283567,0.5080233769624933,0.3355686540521745,0.6005760324431384,0.5231114284655661,0.3505140917283567,0.49145045716307856,0.9636800182293743,0.3521965198427425,0.9747206632930406,0.26149513045936223,0.14701870651842608
688463665,0.6207828090540147,0.625,0.34083127172310734,0.25,0.26,1.0,1808,0.27459623823539436,0.2712503313369903,0.2730711758012661,0.16152713642357908,0.05377548894569739,0.2255620557126714,0.4609733586018304,0.007108649187688609,0.5801333373465241,0.4339163118524456,0.1339372108136706,0.27459623823539436
846000638,0.4490974556720111,0.453,0.3542029910442318,0.67,0.66,0.0,1839,0.34471949633312715,0.648627308684026,0.5085891364379539,0.7581511179865579,0.9856980708178359,0.5674235942503322,0.3245701710147175,0.7059200633389915,0.8313115635796342,0.9400612950364197,0.48931421510114936,0.34471949633312715
985166046,0.391912826073578,0.3955,0.3620621055914254,0.58,0.56,0.0,1627,0.4520156287391437,0.589239364321545,0.5333679357318865,0.6365511963719889,0.24988856550892913,0.5459171269597769,0.9528032574112792,0.6686495900776026,0.7429377881234321,0.48790271104830674,0.6138002467038892,0.4520156287391437
591581937,0.6151320969709271,0.619,0.3531011695883347,0.21,0.2,1.0,1659,0.3240757397996641,0.23881494499199,0.3387387429078967,0.16815024372660153,0.21489614863875217,0.12032612104682816,0.09878448990397126,0.020725172928039104,0.28362371546509235,0.45384457774815046,0.3942435944054222,0.3240757397996641
1550394462,0.6317217672428339,0.6355,0.35504947907540335,0.24,0.26,1.0,1624,0.4239381705145103,0.27030423396635145,0.40593070742757753,0.20759529339159766,0.03672655700473293,0.26984693382183245,0.11214054041134414,0.17795017671621194,0.22312197209023843,0.46305123909585566,0.4556582820760856,0.4239381705145103
2129582166,0.6287445520175622,0.632,0.3734660814517875,0.55,0.56,0.0,1478,0.33245853421201577,0.46114532325170765,0.4754858217926437,0.4564433628102282,0.4835637982379979,0.43451923820881766,0.33245853421201577,0.5327590154599093,0.44822756252125084,0.42480962087941054,0.6052825036895118,0.4275423128047475
1179201680,0.4987408561654362,0.502,0.37680856351773767,0.32,0.32,0.0,1845,0.39230995697424154,0.3168809424603285,0.24506301628853444,0.23882302173416803,0.39230995697424154,0.7205146750413309,0.027044146977600603,0.5801029348766742,0.16586198471725067,0.116022146205227,0.29518077843609336,0.2380109164542098
492721255,0.40583321466514016,0.409,0.3773477249480983,0.64,0.64,1.0,1873,0.48183714841020986,0.7326865504734905,0.6522362969364481,0.8153022409310268,0.9757526992126796,0.5040713102563854,0.9409245396913473,0.8156593691085006,0.749333025192314,0.48183714841020986,0.8184262113440383,0.575488100572449
1483150626,0.40305894745460397,0.406,0.3850385201047706,0.38,0.4,1.0,1797,0.459375666404632,0.4862678182251484,0.6397940997419711,0.47622569270401083,0.19786840476245882,0.6016198820673404,0.459375666404632,0.5212741408168357,0.18710072968119362,0.5844362620853121,0.5582652002939774,0.7802022596894377
1695539245,0.3556240364980312,0.3585,0.38434887599731055,0.6,0.58,0.0,1931,0.3679588881762659,0.6663921913590767,0.5951276653545785,0.8030684545452742,0.5772151937532125,0.9862463697551789,0.9855717148617081,0.3679588881762659,0.8310831543528978,0.49330211721453965,0.4095880550712713,0.6801720376875391
1120825690,0.6466114552467388,0.6495,0.38532504043943977,0.39,0.38,1.0,2088,0.3971952057059718,0.42161584654683304,0.4153996673379045,0.3814054012880151,0.20337997590700319,0.6536969022500311,0.6756741850594704,0.1449546372624646,0.6204543050482398,0.10971145939482996,0.5678601017466534,0.3971952057059718
815342967,0.5226093167666894,0.5255,0.3894022667046071,0.31,0.34,1.0,1783,0.3288384510483864,0.3390859613322691,0.3124655784523982,0.28640458943962116,0.1853344024104434,0.16068145347748686,0.7768995914433316,0.08210512640584633,0.3288384510483864,0.49126392808397457,0.5393083097737597,0.14825642801492367
1086194237,0.5677638322485806,0.5705,0.39411035304040304,0.31,0.32,0.0,1951,0.4733403988008663,0.4395179483890397,0.47627468075203105,0.40876066854054016,0.12196682065664022,0.8749856923083861,0.8433861692414061,0.15206505399465597,0.4733403988008663,0.20263964986126903,0.0943639536512636,0.7533958485978298
1885961519,0.5763130185832425,0.579,0.39561060141362453,0.48,0.44,0.0,1848,0.42008204875112753,0.46218200910876484,0.48696517797097577,0.4480796386679182,0.2759057970671175,0.6620000623234363,0.43214407166838653,0.1466047755138019,0.42008204875112753,0.6903850254311399,0.7284676118225129,0.34186668029259615
686472547,0.5221780979726636,0.5245,0.4090684351807063,0.7,0.7,0.0,2041,0.37477241513857806,0.6253960046252761,0.5976420002297564,0.7408693840189481,0.18975492452674947,0.47272980565858636,0.9072503945756403,0.37477241513857806,0.9876764036574616,0.894621408670167,0.8132270594560504,0.3631356253189756
1170366112,0.44241166133988075,0.4445,0.4163007837098652,0.65,0.66,1.0,1877,0.40905124602218157,0.5732428374931168,0.5610830904454646,0.5969558977682335,0.8181122023565583,0.5667273241548609,0.5182894566088905,0.49828770205276784,0.8630523360438329,0.21951993063664277,0.40905124602218157,0.6929025020691993
1939973607,0.3746539414710847,0.3765,0.42249637366006054,0.78,0.78,0.0,1742,0.5375879805028337,0.6027046746180176,0.49222877001123827,0.6870673769084816,0.6462790222909004,0.8143176163260957,0.9738460216080332,0.9467438691766776,0.2430319145525245,0.1132473756836917,0.5375879805028337,0.5465835968033836
825260437,0.5003029041681781,0.5025,0.43087687162079574,0.49,0.48,1.0,1825,0.4080226546215251,0.5037620632802207,0.3153860976781514,0.5366278757070866,0.9688053432773921,0.37531550460615626,0.6810173292428274,0.9469821824454699,0.030669735676880583,0.4080226546215251,0.3995237203692211,0.21976003600229255
1815287678,0.436349048097976,0.438,0.4315840783810861,0.68,0.68,0.0,1812,0.4577941562454123,0.5549105317058396,0.4038677456910694,0.5795732843186339,0.7061044077880916,0.6867759985584225,0.9018645352305384,0.8380537518692561,0.17509314807167442,0.4577941562454123,0.21055616578454706,0.4630420900987746
644475470,0.5150775950930027,0.517,0.42302139464104704,0.36,0.36,0.0,1877,0.4588548604492748,0.4378396348898022,0.5227680673102415,0.3748577945329081,0.5754581681244615,0.4635864818102885,0.4712880800621114,0.1603713783224997,0.0320290691997126,0.7491199472705273,0.4588548604492748,0.5920090938795418
1518940209,0.5951297325750377,0.5965,0.441882599220943,0.52,0.52,0.0,1751,0.432437318625001,0.5390527808128709,0.4691688020888002,0.6611711272510007,0.432437318625001,0.30688226880251046,0.9170360308191428,0.9947380035454614,0.1393994835875475,0.7093694339621681,0.3525545842745986,0.46000512288653705
2104837016,0.3950015117680445,0.3965,0.4358459857756366,0.43,0.38,0.0,1923,0.43366454107908325,0.4020088643443652,0.43513907857478556,0.3674596700791914,0.6981788293616265,0.6094134822993171,0.11402388225985993,0.17067961861802006,0.3048952004023453,0.287756330038882,0.5974590306957872,0.43366454107908325
1557422732,0.3798037552022884,0.381,0.44627762801963183,0.42,0.4,0.0,1897,0.4661288506036104,0.494083970792829,0.45861640967505257,0.4991009565092156,0.8463170103534813,0.24541512245965558,0.4661288506036104,0.6156606813575325,0.19978916929868162,0.48303712284863565,0.7926230286174926,0.30370078080354257
384604644,0.481504550745226,0.4825,0.45551454424262144,0.42,0.4,1.0,1873,0.4442770933746123,0.5903896874062087,0.42677052426753925,0.6409522590243277,0.6113329279304535,0.5364135181923708,0.9195559262195763,0.8989285912669873,0.4442770933746123,0.6146290599732872,0.33041388948499806,0.36756649280738396
713143940,0.6241262394025429,0.625,0.45943164711233087,0.44,0.38,0.0,1608,0.5025281170960734,0.4409614019555551,0.47613680978961637,0.41353292619784227,0.8573459656422613,0.06851276446235521,0.3055906018915935,0.3668643397693777,0.5801333373465241,0.5025281170960734,0.263830552758369,0.5828855366778867
333899184,0.6427499182073839,0.6435,0.4636951158965133,0.3,0.28,1.0,1880,0.47168744991120637,0.3450548041290985,0.5468764257411594,0.28819408645352473,0.3147650124438821,0.3385128451216707,0.47168744991120637,0.11087764563970726,0.07934133687264655,0.13849435348497352,0.5426008640801234,0.7641589254785779
1898668937,0.5284053191274388,0.529,0.47000876738506847,0.85,0.84,1.0,1849,0.7174329821743858,0.5929157984827176,0.6699299398338256,0.6877410851968521,0.1703663080371205,0.18812027340995963,0.7473488970497157,0.9849938941978814,0.9182336360015633,0.7174329821743858,0.12106457286820338,0.8957658241229113
1255029017,0.5104645915703727,0.511,0.4720545487696213,0.5,0.48,0.0,1933,0.5365829709271077,0.5567674622089325,0.5767256095212135,0.5995399491300901,0.032544739671041656,0.9519713927583382,0.5365829709271077,0.7054777667270471,0.9665121544956976,0.22818679368963612,0.26496147749840426,0.7679024019041869
1452259686,0.5260729629761637,0.5265,0.47597900053253483,0.5,0.5,1.0,1900,0.5796117510229368,0.5090643943071744,0.7011000146657257,0.4662592439773228,0.24978702069502623,0.027682935050164725,0.5796117510229368,0.2812206615878282,0.6113434607870866,0.8539547032343127,0.7901165315125787,0.6787980905674611
209384803,0.644850921360556,0.6455,0.4674130401814715,0.49,0.48,1.0,1885,0.30264021015132836,0.49172566664791895,0.6723171758949359,0.4937759700218792,0.30264021015132836,0.8066891241366075,0.10953941011503443,0.1818744996928876,0.10734867182692087,0.9345611463644433,0.8403337121721517,0.6508185587239779
242242128,0.43977230003279727,0.44,0.4824756042212633,0.76,0.76,1.0,1829,0.5051782971933967,0.7001927443498772,0.6661066926065482,0.7789778453843327,0.5134975221476301,0.6037875648542486,0.9146983509372719,0.562582923247503,0.7233792027434833,0.9752553635131427,0.8031627301623417,0.5051782971933967
1581435894,0.5991802442609302,0.5995,0.4798672982303702,0.35,0.34,0.0,1978,0.5825885175327277,0.499269734506655,0.4344593115712501,0.583285555758614,0.17408678769774366,0.2846485234347387,0.9428339916543665,0.5825885175327277,0.18455549648141722,0.9840054296003453,0.6610960988472919,0.180343030804609
1209655610,0.41007880656765006,0.41,0.4932471101973145,0.5,0.5,1.0,1656,0.5212534594332487,0.5174225458665149,0.5347150335215621,0.5196557691535955,0.5212534594332487,0.6386608556880109,0.7246066608514701,0.4255143169826737,0.36203718992147327,0.2835923888447305,0.5845398566744004,0.599175638536112
2077076513,0.409826735361552,0.4095,0.5022383122043654,0.59,0.58,1.0,1900,0.6268352479701031,0.586689594723314,0.43837828452217903,0.5962026706852142,0.7819202861390524,0.7673632965791432,0.27210548757486197,0.83543614642466,0.6268352479701031,0.698563380904155,0.36106303800702755,0.35022987418750784
731139069,0.5254675982605839,0.5255,0.4900631493720252,0.53,0.52,1.0,1895,0.4366091970950653,0.5402806927455666,0.6658226629147135,0.5479182764979531,0.3364057562596072,0.6746840723127614,0.24091121392822812,0.7814861813692953,0.30593609552488055,0.7139364934499782,0.4366091970950653,0.8322765320247164
1263638807,0.6475716471826697,0.6475,0.49425823177298467,0.6,0.64,1.0,1825,0.49499467747415793,0.5411970722402483,0.6107899970102414,0.5457818687314191,0.10045307169540896,0.5982636705589618,0.9134339082680456,0.45930937648884596,0.7496560956160597,0.263989730300057,0.49499467747415793,0.7494760475204487
1036158948,0.5883671928172649,0.588,0.5047823057384997,0.29,0.28,1.0,1540,0.506826715947746,0.2638144375921796,0.39530301008032476,0.2605321341936298,0.16280083042216842,0.1466714192227252,0.24533002596274722,0.2684030274252087,0.2264055107935643,0.16976720368625486,0.38431076727702196,0.506826715947746
159093712,0.5015390042262386,0.501,0.5103200046535098,0.59,0.6,1.0,1764,0.563159344476805,0.501629912442471,0.45583076064674694,0.4781575495878081,0.8228516889300683,0.7840573140588492,0.5916647427191362,0.10214929208533796,0.09501358374195423,0.563159344476805,0.6855807889523025,0.36856254457531434
296223413,0.4131270732675154,0.4125,0.5131356198028918,0.58,0.58,1.0,1761,0.4743197187375866,0.5793053521430697,0.43118541511837827,0.5864779343477434,0.7668497590192342,0.4743197187375866,0.7458443951730866,0.7798520870309358,0.3923188113959567,0.7400145026119485,0.41313765506105793,0.3221058881147508
1921983443,0.5580688843244971,0.5575,0.5118013845165641,0.52,0.54,0.0,1751,0.5327999055434951,0.47263924252037715,0.48540384656278085,0.4034086832815363,0.5938559252629481,0.8084220000076644,0.017282760922054385,0.8314332437458954,0.08033481675395715,0.5327999055434951,0.31410863463710403,0.6028766532898988
1547393984,0.3888181469960135,0.388,0.5201075344001171,0.58,0.58,0.0,1689,0.5344816386253486,0.4396811356276455,0.5714418772189427,0.4321645669129226,0.3802325604844763,0.3902934275673057,0.13404303743809254,0.4378982696906496,0.5344816386253486,0.559540841469554,0.3607229450257575,0.7202363647199794
1367072673,0.6299213567214331,0.629,0.52558633967215,0.38,0.36,0.0,1826,0.3976898998849959,0.41666539744886744,0.3896079197878096,0.4134552688542525,0.23601826407241533,0.3187255984239,0.31384353056215,0.7827573862488514,0.32561498775165165,0.8488687280724738,0.10980478457450105,0.3976898998849959
50978365,0.43957782648265503,0.4385,0.5293690852059777,0.59,0.6,1.0,1868,0.5451534185343345,0.5686870418738477,0.6262638212882428,0.5851333852223034,0.33767906406065507,0.5451534185343345,0.6347949258299517,0.3601566446484593,0.893009405540062,0.39695564868197597,0.7953406271431075,0.5864066005522353
1680116962,0.5181575042694417,0.517,0.5324734572795722,0.48,0.46,1.0,1746,0.4965766935477043,0.5296677939977614,0.5480070772563691,0.5309556268830398,0.30180224959579405,0.6062978313575842,0.4712880800621114,0.7874353272432514,0.2854212680032706,0.6474560914646715,0.6410648107077046,0.4965766935477043
1628482122,0.4193137077829673,0.418,0.5379190693965852,0.71,0.7,0.0,1725,0.5420209701139831,0.5803951096705349,0.698159326402677,0.5801593907701815,0.46820533712294454,0.573102318230173,0.5420209701139831,0.6127863260995301,0.2341179039150313,0.7467170440228932,0.7017545514384036,0.7644564264213211
1560649504,0.4499498442657222,0.4485,0.5426504321384951,0.43,0.38,0.0,1668,0.5541116490048608,0.4598641168483846,0.46252542074858116,0.4569718732457873,0.20526866400220112,0.7345091319667447,0.5277899963826288,0.5541116490048608,0.37583835680733213,0.28068550163964734,0.5176411725574143,0.483068462426248
779360607,0.6176167522658943,0.616,0.550745758246223,0.41,0.48,1.0,1770,0.553028142823611,0.5011768251558969,0.5681387211271233,0.5088149740993172,0.494281613009919,0.09839382018333476,0.4529032776379228,0.7170065439960933,0.26511873772285743,0.9316917588666017,0.49699070700683556,0.553028142823611
1306895619,0.6308748042810088,0.629,0.5606218566647856,0.41,0.42,0.0,1842,0.5800235774314446,0.42421538826203,0.6255738146957741,0.4112485115460273,0.5038867330233548,0.11343111789347238,0.5800235774314446,0.1427344772514435,0.37465989415930046,0.31273527544111734,0.5191686903492511,0.8470833405468556
27688926,0.40187346396480067,0.4,0.5582844307932845,0.71,0.66,1.0,1680,0.531862392351678,0.7030907542478668,0.6288395703435065,0.7204348286946176,0.6773773340628819,0.7153514765679176,0.9211013872408648,0.531862392351678,0.8322974157059232,0.8481766794770442,0.4919942434881527,0.6065651050884717
1865920493,0.4326915554400546,0.4305,0.5691710930290736,0.56,0.6,0.0,2051,0.4128272341719188,0.6184142615054006,0.5494868736518399,0.6754805267072466,0.9678567709363616,0.39605496768613446,0.4053144586955648,0.8774998707329783,0.7405483384546003,0.2866621930367095,0.860550258328937,0.4128272341719188
1026513271,0.5222765974761487,0.52,0.5721139782053606,0.45,0.48,1.0,2048,0.5658217420170553,0.37585538481736175,0.5586992734714706,0.29823489486041044,0.10053845122766569,0.05496161980086556,0.029814683125075403,0.4744429059102977,0.6510991848143575,0.5658217420170553,0.5326094280612723,0.5975550635823044
1994672144,0.6427412278621173,0.6405,0.5745500552782188,0.53,0.56,1.0,2011,0.5040513032391952,0.5162291657523412,0.631608786471103,0.5237503974299584,0.08104524024085802,0.29559152263816835,0.34454087031048786,0.8289115578021733,0.3436338046190657,0.8989281229563952,0.8331309042123863,0.5040513032391952
454322844,0.4621095758523117,0.4595,0.5835976367952342,0.71,0.7,0.0,1680,0.5846270328166249,0.6490407482302305,0.7681438578170301,0.6883364859507588,0.22247482332105661,0.5846270328166249,0.9612501456756918,0.4723404234378713,0.8031324047632225,0.5706829978496311,0.7065331474623094,0.8712850105154358
636667576,0.5547278446389224,0.552,0.5885186319901099,0.4,0.42,1.0,1867,0.5904543733729637,0.45899738003949897,0.46302860869130485,0.44949273501651577,0.44124422339516933,0.8792187516506147,0.09733557081812638,0.20229441366209444,0.6788162706792132,0.5904543733729637,0.2476922940203583,0.5349231427174512
463947928,0.4384106923161056,0.4355,0.5944177472428656,0.63,0.58,0.0,1616,0.5516643778339827,0.6505241340124217,0.6690261945389172,0.6477602994035335,0.7202006443349782,0.8967260986962998,0.7563034721358743,0.5516643778339827,0.09012064401779574,0.7615852442911166,0.7387823229519069,0.688810267837419
917190070,0.4973765731903305,0.4945,0.5928509523473162,0.46,0.44,0.0,1845,0.6483071586783599,0.4842738604791299,0.5504863510176464,0.48016751698866506,0.5342848699299059,0.6483071586783599,0.30093534836049285,0.19800812249256117,0.244833361218055,0.7697646934620279,0.6759703606086674,0.5020869690829693
2000804918,0.64867048122936,0.646,0.5905431804100937,0.38,0.4,0.0,2009,0.7077341619667815,0.48149082855629044,0.4682893918064724,0.5258362025351506,0.22093585243067393,0.8928125312573196,0.24352631680099313,0.7077341619667815,0.23179009743129697,0.32467014720551646,0.9602555847475477,0.2702019366101942
1632047353,0.5703702616193775,0.5675,0.5939471422986484,0.72,0.72,1.0,1930,0.6137579919033601,0.6032786926988102,0.6212255859976668,0.6143765158158779,0.13235086929498197,0.6837095235998762,0.3989808135070696,0.879817803946929,0.8526159544582365,0.7935585178396878,0.4714380670403403,0.6137579919033601
2087650924,0.6217283232651012,0.6185,0.608868831526961,0.51,0.52,0.0,1800,0.534118060828391,0.4235531232472767,0.6814872522543816,0.40593143632336576,0.29441885653900757,0.08929079522808137,0.37257431615441916,0.16640205782308126,0.38786726366688706,0.534118060828391,0.7572228232710498,0.7865308124672961
1966169780,0.5247038296778233,0.5215,0.6044391596679033,0.34,0.38,0.0,1880,0.565552191480766,0.35001968121172,0.47760896282137205,0.32042788961977187,0.09627149510255206,0.23356109452841878,0.0819644482287255,0.565552191480766,0.49912351555984047,0.30648911149420965,0.4820485469702602,0.5351470463289874
256730482,0.46144706407274233,0.458,0.6126634739521679,0.48,0.46,1.0,1838,0.6112534325682231,0.5499317171382148,0.6971041195939683,0.5134601323240924,0.6732167684980297,0.016651690780022155,0.4771867989072138,0.34681476094378894,0.9245398777416927,0.5548298290770227,0.6112534325682231,0.7949605785897256
899003860,0.4382246135494397,0.4345,0.622604820194236,0.59,0.6,1.0,1699,0.6753606097190046,0.57621636543976,0.6805209080147433,0.5929407030694194,0.45473055056027556,0.36385791620698393,0.6753606097190046,0.5658803113136531,0.37539573948929206,0.8985323970143566,0.502393552070741,0.7735798471437731
252902051,0.5938672196651624,0.59,0.6295449027977462,0.37,0.4,0.0,1713,0.7048234199895352,0.3519093226660191,0.5101869559724506,0.31249210582389747,0.2944780107783709,0.23263670342351894,0.36645309601533016,0.02715856894060764,0.47506213327147173,0.44505153403942,0.2696111148698981,0.7048234199895352
65802379,0.5609793874306315,0.557,0.6318945486289014,0.49,0.52,0.0,1739,0.6577739741692277,0.5646747340458103,0.6971658563442538,0.6552807732048258,0.4089214774649521,0.3477104731633204,0.058491900800137775,0.5485558455605973,0.9977598842604973,0.8080017528019859,0.6577739741692277,0.6901825641457631
1849836379,0.6392677032786404,0.6355,0.6291164574240682,0.48,0.46,1.0,1970,0.6951767009921959,0.4864903564962188,0.7242582532892793,0.49058152883233236,0.14196342430431663,0.6951767009921959,0.039411297653177635,0.5589370927373236,0.4089192052210948,0.27002378024762486,0.9722882743896784,0.8052030764243387
776575098,0.39892306323077364,0.395,0.6308388451463207,0.45,0.46,1.0,1886,0.6195424466736748,0.45015010064365246,0.5059475183109948,0.4089450281682755,0.6195424466736748,0.8049291018989659,0.2697630976195712,0.030441487113799348,0.2406823858970385,0.4315254168303684,0.7123866651584687,0.491930203957333
616387255,0.5827914838414994,0.5785,0.6434183820243082,0.61,0.64,1.0,2050,0.6880380098888301,0.4598897688520829,0.4788698442391681,0.39405458376112407,0.7294280936390376,0.11310913515756083,0.24386707298569488,0.6880380098888301,0.7268245851698478,0.02019290796389772,0.7135068603963395,0.44415148561545437
1255819552,0.6048203466784727,0.6005,0.6456861226833053,0.5,0.52,1.0,1735,0.6649327515056984,0.5408064689729521,0.6339742902265204,0.4543281923722317,0.00445708160746161,0.2196931358472346,0.8411516847295475,0.5302237555085942,0.8620955204737006,0.5924319421805856,0.6649327515056984,0.6114658799307946
1456965461,0.4526162969072174,0.448,0.652354345487635,0.55,0.56,1.0,1772,0.6691960232877752,0.6330492965356878,0.5209859525619306,0.6787857072646478,0.9071524995237596,0.6759006761659614,0.9652551380624144,0.6691960232877752,0.6133104588749003,0.22271706522975143,0.3877762984384998,0.6230862127024399
1250634535,0.47189653383575547,0.467,0.661256679297246,0.55,0.52,1.0,1567,0.7084257168778074,0.5491869970320007,0.6403954048672814,0.5493164864784935,0.3407764437144638,0.5935109960645111,0.5384009977847483,0.5533338117522411,0.37104238154679214,0.7218971827192353,0.5661084457962058,0.7084257168778074
1467963481,0.5784839991380021,0.5735,0.6662889757536734,0.67,0.66,1.0,1883,0.613576011625036,0.5930197844066734,0.6382273190860711,0.6141409903928463,0.16397266701803348,0.9275827412223503,0.7438068225183797,0.613576011625036,0.7793221672797497,0.2521784284657438,0.44395819552954086,0.8197612415945533
877613281,0.4948483350742905,0.49,0.6595485473666994,0.48,0.54,0.0,1980,0.6848254337881958,0.5923641354290728,0.6124939917512818,0.6350340321083019,0.9431340472198119,0.47367919716235884,0.395190203786734,0.12307400853287176,0.9255317670171415,0.8399287227744494,0.35354970315101975,0.6848254337881958
2026073269,0.4575079325300325,0.4525,0.6651548141839663,0.58,0.58,1.0,1702,0.6591494053277155,0.5997997621376161,0.6150549951929691,0.5996215564381072,0.7811460657524494,0.2334450686208035,0.6407215842056142,0.5720529730164411,0.7657536242223807,0.6591494053277155,0.4924594463287967,0.6536699296267281
947995226,0.5857610299697611,0.5805,0.6757892860177223,0.52,0.52,1.0,1854,0.6318354449971186,0.5479695838593066,0.6957175844469156,0.5483974713096961,0.6318354449971186,0.14190915382109381,0.57603873924075,0.6263965448001423,0.46957790963203483,0.3157280460023886,0.8547698284969705,0.7675010038839538
1189613620,0.6356253525411304,0.6305,0.6753389564426917,0.52,0.52,1.0,1650,0.7174222435144959,0.5498297619411331,0.5158033362579276,0.5763051803732469,0.3075112396091295,0.5955998639969331,0.7174222435144959,0.4384288994859965,0.9395936766565203,0.35916961938052505,0.5730605362423842,0.4678520166430802
697778040,0.4687528463181958,0.463,0.6889175897732922,0.66,0.68,1.0,1565,0.6816242594237107,0.6211160391868646,0.709498836181764,0.6645674003776881,0.9938118401620346,0.031201541039692082,0.6816242594237107,0.4600620749848492,0.5702216557565053,0.7281484797500422,0.7949570888641826,0.7089013735139009
1743153085,0.5334857366082812,0.528,0.6807250193726659,0.74,0.72,1.0,2007,0.5678398443923356,0.6173261829332255,0.7464416086805615,0.6541058480957762,0.503928501809445,0.3074907533127975,0.35468780137184786,0.8568402534810271,0.9153707529859869,0.5678398443923356,0.5339585791338719,0.8984929769784912
229337983,0.5557219587270517,0.55,0.6890334098352827,0.76,0.78,1.0,1967,0.6653869428061872,0.630042288007983,0.7441502194159372,0.6381206129997444,0.7993650209272449,0.6180718103193854,0.23905766212620994,0.35055837115014676,0.6653869428061872,0.7900663814454149,0.8310308549704533,0.7468012603188221
1940322740,0.5911396806069,0.585,0.704274352302316,0.3,0.26,1.0,1809,0.7790412703829281,0.41102079804360664,0.6180048675664853,0.3554211874189497,0.05009143069392119,0.043554976335457574,0.27228102911975516,0.7970367486519874,0.46398863425676373,0.3759962956657962,0.5061759992422441,0.7790412703829281
766813237,0.408357560022024,0.4025,0.6946778186846663,0.64,0.6,1.0,1644,0.6767828151991888,0.6697198990337663,0.7027835705562947,0.7079964414725123,0.21440677135034147,0.48618349645297676,0.7897368104790274,0.9709958865188724,0.7826037241712421,0.6767828151991888,0.8045766900508208,0.632472998047661
1924270577,0.3626818205206769,0.3565,0.7089353079099355,0.82,0.82,1.0,1836,0.6971798418451108,0.6888283978160509,0.7072101600312769,0.7613438949076662,0.9536227983062496,0.23321642950444288,0.4673040741258013,0.9323413988844005,0.6513065060432612,0.9725136678282436,0.6031424659908973,0.6971798418451108
1324016460,0.46203644623445556,0.4555,0.7134532208657587,0.65,0.68,1.0,1720,0.6839493566810847,0.6124277954551769,0.6310816428763891,0.6353139914288118,0.24250463475863382,0.6839493566810847,0.6095329193714852,0.8221184045680451,0.6530048625916238,0.44461345533371655,0.9312162945767423,0.5124824357600828
1514398490,0.41999237214138474,0.4135,0.7138899409523445,0.62,0.64,0.0,1670,0.7435781618563071,0.5933508862806759,0.6765352224912508,0.5674866808300947,0.7617058680076519,0.5388013549198165,0.04696776265071145,0.5649695020352172,0.7844614359430797,0.7748400146553799,0.5314829901772435,0.7435781618563071
217677909,0.4589458406066205,0.452,0.72591838303049,0.8,0.8,0.0,2010,0.8664547990673783,0.6716696434155431,0.8361161789717279,0.7453861520366605,0.18933332512980094,0.9770746427656265,0.8796431281635138,0.25695437067724125,0.41321777616399047,0.8664547990673783,0.8858817501431606,0.9047973552136338
1480337927,0.566218765703849,0.5595,0.7205131184225524,0.71,0.72,1.0,1682,0.7783395354740591,0.6546141827000558,0.6581076319938804,0.6684401327543672,0.5810194851318186,0.6110249004127238,0.7793528278210117,0.26406202190224215,0.7783395354740591,0.8469573707631716,0.8692249380648429,0.5069323820305771
163825726,0.4863885721189557,0.4795,0.723691981923579,0.54,0.56,1.0,1949,0.7147458298440796,0.5728774164304928,0.7297997240062175,0.588505640593477,0.4438959881780913,0.28491267881975046,0.40311331167986086,0.735430390298917,0.32540642546509513,0.7992247399299995,0.8762899672281489,0.7147458298440796
403920203,0.5707345538672444,0.5635,0.7362051670907133,0.55,0.54,1.0,1623,0.733958382037095,0.6184467830922539,0.7192568247520237,0.6267094969251578,0.1470994978307283,0.5061592327128873,0.6012508342754019,0.710082615324628,0.9135759957425444,0.6128426184286482,0.7226050883860979,0.733958382037095
35058535,0.3511833358652557,0.344,0.7415772627735637,0.88,0.88,0.0,1992,0.6752207548310771,0.8212683581021277,0.8109826789578652,0.8905663015882442,0.9912850593274859,0.9636688360265483,0.6086462674206119,0.9879008781332247,0.6752207548310771,0.6429437772937122,0.8619231853291316,0.83855810645523
2009227851,0.35102477792806897,0.344,0.7367573286984622,0.84,0.84,1.0,1623,0.7293443262470339,0.6879734692218353,0.7608003257125281,0.700035121287713,0.6716959113437198,0.6201298076715576,0.07750753719718961,0.9304422781094325,0.8042649549890664,0.9002752865136909,0.7701276517029911,0.7293443262470339
924600397,0.6194958123196475,0.612,0.7480699917454234,0.56,0.58,1.0,1868,0.7125988404963888,0.6206855481870024,0.742167587795371,0.6449234733689533,0.5211332393647834,0.5327435857892511,0.8910786268601482,0.5928198223093292,0.3544769686187357,0.46286422856498877,0.7125988404963888,0.8977690734923947
848459118,0.6344205319231397,0.627,0.7476169340353421,0.56,0.56,0.0,2018,0.7497652808026369,0.5292653536337493,0.678323171223984,0.5385781413729529,0.24666052291695195,0.3344320745089846,0.7497652808026369,0.24057626082318195,0.7604452853902247,0.3396367339578076,0.8581807537648221,0.7044259169053841
1739442466,0.588821382617803,0.581,0.7545392152160463,0.45,0.4,1.0,1858,0.7921851617300035,0.5500579477909537,0.5759649341286566,0.5738885933582458,0.34819355330327517,0.931432583520427,0.22267195136157047,0.582627773762334,0.7921851617300035,0.3832525417452308,0.48985472817733566,0.6502452887274528
981487558,0.5194281650711517,0.5115,0.7679616658658748,0.46,0.48,0.0,1864,0.8343140060391029,0.480902699209041,0.711543137553277,0.45648466815820055,0.1290333294683509,0.3721088403030596,0.13454642474436918,0.8656814449959809,0.057466486545151185,0.8343140060391029,0.6082627140665717,0.8458083475097415
699646405,0.6276308121249844,0.6195,0.7672870926599051,0.44,0.46,1.0,1947,0.7384237847880033,0.49431053605106234,0.5297095366712706,0.4935595380870686,0.2886004074459195,0.5422992499674786,0.846858234229175,0.5610388241905879,0.25412365109791024,0.5621439251098563,0.16099621157956778,0.7384237847880033
1130625905,0.5894987676051491,0.581,0.7735184150410767,0.51,0.54,1.0,2000,0.8258094226234056,0.5665889689771094,0.8087016412883247,0.6033254318368526,0.4398211626615236,0.3609364521065356,0.22267195136157047,0.25814790813453103,0.6145898239522084,0.8745801908802032,0.9361548400968973,0.8258094226234056
1108169632,0.37155363020880156,0.363,0.7786573350225114,0.74,0.74,1.0,1838,0.6985585166090158,0.6759729446291239,0.6663771849500417,0.7288833444557783,0.9080732422485492,0.5303386342785185,0.3424867951978324,0.9662487332006411,0.8861434936608646,0.4222451276987008,0.6536890141388689,0.6985585166090158
1987051225,0.4709680059518908,0.462,0.7825688100912703,0.73,0.72,1.0,1750,0.7599641133463548,0.7075361002931497,0.7295016373856558,0.7696271338302991,0.5581261910863735,0.4921270138901327,0.5922251521748043,0.8772858189644807,0.9919894457345086,0.7599641133463548,0.6743949723553814,0.714176094793162
867873587,0.4748688285485983,0.466,0.7798546412827269,0.6,0.64,0.0,1793,0.7878913501538118,0.6233904399963406,0.6117421766229084,0.7731654329303139,0.2637456452553989,0.7878913501538118,0.9973316044406068,0.3458201083060448,0.9869386985138067,0.3749886760745641,0.5924744963848843,0.6379329408416071
682999790,0.6312687532979699,0.6225,0.7853508309673005,0.63,0.66,1.0,1851,0.8044434181116817,0.538113751115927,0.7553687752098726,0.5166621477978984,0.0586168247507316,0.18860898779290336,0.5976434375932034,0.7021137842413049,0.4168858274592202,0.7063563027049837,0.8302414262733867,0.8044434181116817
2011450581,0.48439804531778685,0.475,0.7934745851420522,0.71,0.72,1.0,1852,0.7907452464711728,0.7144214660374202,0.8010831143553853,0.7280294879726288,0.8676675637954918,0.6661823889036155,0.7907452464711728,0.47695181723652114,0.45331736230219555,0.7888059777334573,0.78496220960752,0.886739162249388
1975393834,0.3914792142292884,0.382,0.800990219025179,0.76,0.76,1.0,1731,0.7775899223594609,0.7101623672950413,0.693362275972936,0.7785517270218902,0.7775899223594609,0.44062232744541485,0.5637469345676418,0.7077506233543716,0.9942396652865403,0.864272992517148,0.747647595369715,0.585428877460038
1924021443,0.48393257966703973,0.474,0.8068686930195432,0.6,0.56,1.0,1844,0.7809970314753839,0.7031239920137836,0.7040497822543761,0.7657961317645134,0.7449672797786393,0.911917866209985,0.7590887860718769,0.4536857108508229,0.3957378030944294,0.7809970314753839,0.9877486097713004,0.5908488488578308
1446611391,0.6341669067918609,0.6245,0.8091650203169798,0.7,0.72,1.0,1904,0.8001920594627328,0.6447579764361961,0.7957189214139667,0.6704370148206372,0.26029355592089554,0.3544448923034478,0.7275091737523278,0.6402702582123908,0.8477870721232549,0.5994848721001458,0.9280819276143732,0.8001920594627328
92892021,0.5663622088471297,0.5565,0.8072084489973173,0.64,0.64,1.0,1522,0.7894693154525653,0.6216526755670572,0.6689178391290019,0.6212377385213006,0.6002345442438406,0.7010976769775881,0.465305947011181,0.6644914373462418,0.5761344022106927,0.5052741695889287,0.7894693154525653,0.6712139117054197
1479171449,0.4104585470335726,0.4005,0.8111983141463077,0.82,0.84,1.0,1808,0.8091325513891332,0.6485639952707634,0.6791074886890588,0.6938034892096904,0.9699070617836163,0.822070319865051,0.22171054823187497,0.6719230045665266,0.8091325513891332,0.28168746770544184,0.582635478207274,0.8294455304171888
1591007535,0.42194598260798577,0.4115,0.8220218061403772,0.89,0.9,1.0,1715,0.8076415267735575,0.817144544120891,0.8347300874030095,0.8616718163513585,0.7719339258243649,0.8076415267735575,0.9607952485320111,0.5179536920532066,0.8438557909605658,0.8866007657725842,0.98996589822221,0.7584095048286279
502079190,0.5558343945432479,0.545,0.8296365865341078,0.5,0.54,0.0,2167,0.7873796524270469,0.5371581911149126,0.5930795820650457,0.5745203165364874,0.22871475884549963,0.9333980499190495,0.9245706527100894,0.146026005989352,0.2428632659040516,0.7873796524270469,0.25010723831722237,0.7842059048069897
29364706,0.5607856251335424,0.55,0.8288076729333737,0.68,0.66,1.0,1785,0.8272037362601123,0.5051792549444241,0.5588609917388236,0.45355617372934354,0.548861261006968,0.020201774144155804,0.23905766212620994,0.8272037362601123,0.7328095743280056,0.6021543437558912,0.5299975935283769,0.5411480944056728
2049442378,0.5215902726615447,0.5105,0.8450050742783499,0.54,0.6,1.0,1873,0.8453152617015496,0.5702312586229874,0.6175305014882684,0.5304001522369506,0.8453152617015496,0.9068468587044485,0.33987127105634485,0.012185224385993676,0.9539356134993143,0.05386635497391867,0.7509970362784645,0.6988324483838646
918849542,0.5376404699312922,0.5265,0.8356831271103621,0.73,0.74,1.0,1648,0.8441232570566601,0.6690184246911923,0.7131473235941788,0.7004273159277694,0.5137478041693011,0.31866448496422184,0.6799384034614644,0.9543486523558222,0.7483336285594551,0.8441232570566601,0.5330629316798606,0.7599282352827532
1393411608,0.5193465387853375,0.508,0.8397063831556549,0.58,0.58,1.0,1815,0.8820325608053793,0.5431727840240566,0.7035747190199768,0.5563507608960219,0.3550788090641388,0.2662678122815447,0.4108998367766131,0.770845471379225,0.5665358554167763,0.6196726542113926,0.4740492722573826,0.8820325608053793
1182894334,0.3945633011493428,0.383,0.8497338160638406,0.66,0.6,1.0,1830,0.9310852307000447,0.5586676252922866,0.6071644739078721,0.5795848306679112,0.5090803367332817,0.9310852307000447,0.4438744849112116,0.694984224093669,0.2513112783363779,0.2628872791418331,0.6601568774725306,0.7159612909493446
1803566640,0.45331454454463493,0.4415,0.8505889187744987,0.89,0.88,1.0,1614,0.8529805875257255,0.8354157137608202,0.8800223490443853,0.8531446250862962,0.6858576618891632,0.8719966639195684,0.9686404305229158,0.8529805875257255,0.6533728693048522,0.8195739133060036,0.9264841291676588,0.9044194544506743
1158688379,0.48521764340877016,0.473,0.8578985716283682,0.91,0.9,1.0,1575,0.8953146997615916,0.7493726625271733,0.8312867732066315,0.7806307681602291,0.9820619301697125,0.9586363112159045,0.7675264094434815,0.015237350589672571,0.7911534211790542,0.6757371029027279,0.9093140749552407,0.8953146997615916
38110184,0.44604833910072916,0.4335,0.8657774193561129,0.67,0.68,1.0,1689,0.8103223566038122,0.6584795506026613,0.6314537820798829,0.692007065027323,0.6477164744937706,0.6557152049469938,0.47865831700232975,0.9648164457724674,0.6935848158360434,0.45976312932551044,0.8103223566038122,0.5572596608403622
1502732482,0.38399177867538176,0.3715,0.8699490137157043,0.8,0.78,1.0,1973,0.8815772623941284,0.7540455991080699,0.8171502917876599,0.7812428215426325,0.8815772623941284,0.3835494867971412,0.8067106322414914,0.8487372999620718,0.9182559824533403,0.4643505387662408,0.8346484811231372,0.8945351091270086
1402251724,0.4156420326767498,0.403,0.8696738864299169,0.73,0.76,1.0,1765,0.8698402146355619,0.7710666699021934,0.8171131624313284,0.8394932944817148,0.8698402146355619,0.7540512257614326,0.5465166384307523,0.994454265216804,0.4895576842047632,0.753232537026081,0.9540378751506139,0.8068429187915389
224435713,0.36941880113664805,0.3565,0.8799354048006794,0.68,0.68,1.0,1712,0.8502918610258929,0.6632091504825671,0.8054557150727932,0.6954729822706801,0.6821748656689763,0.23321642950444288,0.5774179752990809,0.4737557650206258,0.9504987571544291,0.7044616942162115,0.8502918610258929,0.8338558559708779
687412757,0.45785836766045446,0.4445,0.8803817153861738,0.93,0.94,1.0,1741,0.8695466747616837,0.8395326927205048,0.838828704937133,0.9032313450276936,0.9164064773436561,0.9844344626639873,0.7190860990083607,0.9958259475664404,0.49897761373169003,0.9271789288336431,0.8048053378545766,0.8695466747616837
1447361308,0.6204550250094907,0.607,0.8880229078847284,0.71,0.7,1.0,1778,0.8679900446932045,0.6048827355063269,0.8694718784670522,0.6910212414857828,0.14352164993965755,0.6462137323148758,0.13887799061142536,0.6258593871786104,0.8679900446932045,0.4765817736991569,0.9507696904268921,0.9892476151867926
598666283,0.439110665883289,0.4255,0.8857847227991248,0.81,0.84,1.0,1906,0.8926278782407718,0.8450082294378345,0.9105073841030003,0.8965466426824396,0.6078986567356374,0.5820311438007253,0.9715517701815098,0.8757849534055978,0.918327670359832,0.9930904222633218,0.9187533405152797,0.8926278782407718
1418675629,0.5416528795078774,0.5275,0.8938987358791834,0.93,0.92,1.0,1741,0.9143878037535271,0.8633629086517289,0.8872670928169925,0.9049052512937668,0.7673501255476145,0.6594247894177356,0.9623913362254896,0.9143878037535271,0.8108888896780395,0.9835219079540544,0.988369177610393,0.8205692390269782
1580851001,0.5455581316300977,0.531,0.9005507567157452,0.64,0.64,1.0,2022,0.9095637415340839,0.6654207584624939,0.7436575201784271,0.7055654559951411,0.2268971879394569,0.9233860959686865,0.7719100584539326,0.9095637415340839,0.4029291454313645,0.41695093462968214,0.8696850854507777,0.8020438182919672
1962112621,0.42364605588115145,0.409,0.9038407303134158,0.76,0.74,1.0,1790,0.8956019018668735,0.7844754775679345,0.8697844595942844,0.7970057074278353,0.7083979320838354,0.8219355455486297,0.7760114372541717,0.4778033072088008,0.8956019018668735,0.8346801282969868,0.8318698502730544,0.9295037180111239
600894317,0.5540459882421008,0.539,0.9083417797241031,0.88,0.9,1.0,1679,0.9084042378461769,0.7451560389060371,0.836751836828069,0.7744289197781911,0.05584379044167531,0.8147710901037558,0.9084042378461769,0.805752727151325,0.7075021648642095,0.9356535152710398,0.9624258288202632,0.7708949567498516
582915769,0.6064961627429308,0.5915,0.9112727715669837,0.54,0.54,1.0,1992,0.8595271891310107,0.5712370441041871,0.6838448885732644,0.6290498747664395,0.2858876229843337,0.34544982796953716,0.4020309016485156,0.8595271891310107,0.27795108439624294,0.9722743335402793,0.8324846455681837,0.5942907475953936
1943281015,0.39537114423806313,0.38,0.9169156898149637,0.71,0.74,1.0,1877,0.932822817765973,0.6697791280865635,0.7460175338863758,0.7177752720652795,0.8503137554989909,0.7932634965292819,0.6380302060776317,0.23011289003917057,0.9499860202755748,0.3548189657013222,0.6088848728045629,0.932822817765973
997404913,0.6387722775962775,0.6235,0.9187331621885875,0.65,0.66,1.0,1811,0.9403986296967355,0.6001772326746901,0.8030060428741872,0.6338967026996228,0.26584639056735104,0.7195030704376069,0.42359707274851643,0.4254961012927647,0.5819205894447421,0.5717900272113579,0.9403986296967355,0.8728659799984464
728073286,0.4707284202286708,0.4545,0.9239468982912054,0.84,0.86,1.0,1596,0.9366119531645674,0.7374107238493575,0.857235422877454,0.7862101493969829,0.08030723452349386,0.8511830834661915,0.669607800757381,0.9855185701007905,0.8300990480591555,0.787919626440633,0.7580384742826471,0.9366119531645674
1979505587,0.5109685050323578,0.494,0.932618861811747,0.64,0.62,0.0,2062,0.9735041296732871,0.6380081517769309,0.8358420181991422,0.6951280674778335,0.26910318643775333,0.7740295002152564,0.3538264563216049,0.8063773177473497,0.2730489667117715,0.7656771805332877,0.9735041296732871,0.8884984765751365
1052834690,0.37106643582010845,0.3545,0.9348766668331218,0.73,0.72,1.0,1601,0.9747007287071693,0.6977503966200631,0.72944709399579,0.732113520993914,0.9747007287071693,0.5296480804491784,0.7014743245553848,0.5813390046783793,0.5331501433940817,0.7299714620650312,0.7969837465528569,0.7347356825584233
55092090,0.4659571985290256,0.4485,0.9386369173198509,0.69,0.64,1.0,1950,0.9681658456344605,0.7262386294657682,0.9068187098989212,0.8035682895155526,0.4576650669255864,0.38998872908982407,0.8720857532900831,0.47876793003436713,0.8184428446941746,0.9681658456344605,0.841870043108657,0.9829228229489929
2003238978,0.6044415526201927,0.5865,0.9469126056031909,0.73,0.7,1.0,1693,0.9542523730241435,0.6897861994580441,0.720398920659332,0.716997510371978,0.4986691333667984,0.6709747198558486,0.40358287671360293,0.7813635005471767,0.7940154649131419,0.9542523730241435,0.7971907195164477,0.6182408077271933
